filename,status
data/regional_data_FD_PG.csv,published
data/regional_movement_FD_PG.csv,published
data/sankey data 1-3YAG_FD_PG.csv,published
data/sankey data 1-5YAG_FD_PG.csv,published
data/sankey data 3-5YAG_FD_PG.csv,published
data/tables_data_3digit_FD_PG.csv,published
data/boundaries/Regions__December_2019__Boundaries_EN_BFE.cpg,published
data/boundaries/Regions__December_2019__Boundaries_EN_BFE.dbf,published
data/boundaries/Regions__December_2019__Boundaries_EN_BFE.prj,published
data/boundaries/Regions__December_2019__Boundaries_EN_BFE.shp,published
data/boundaries/Regions__December_2019__Boundaries_EN_BFE.shx,published
